week,day,channel,activity,asset,owner,dependency,utm_campaign,success_metric,status,result,lesson,next_action
1,Mon,infra,Finalize UTM standard + campaign URL generator,utm-standard.md + generate-campaign-url.ts,Aniket,none,required-ctc-report-2026,tests passing,done,9/9 tests pass,n/a,proceed to report launch
1,Tue,infra,Run flagship report data generation + verify build,generate-in-hand-model-data.ts,Aniket,UTM system,required-ctc-report-2026,build succeeds,done,build + tests pass; see verification section,n/a,proceed to launch
1,Wed,content,Finalize first 10 backlink prospects for outreach batch 1,backlink-prospects.csv rows A01-A07+C01-C03,Aniket,prospect research,required-ctc-report-2026,10 prospects ready,done,100 total prospects researched,confirm contact pages before sending,queue batch 1 emails for week 2
1,Thu,content,Draft LinkedIn weeks 1-4 posts,linkedin-posts-weeks-1-4.md,Aniket,none,required-ctc-report-2026,12 posts drafted,done,12 posts + 2 company-page posts drafted,n/a,manual review before publishing
1,Fri,content,Draft first 2 Reddit post concepts,reddit-posts-12-weeks.md concepts 1-2,Aniket,subreddit rules check,required-ctc-report-2026,2 concepts drafted,done,5 concepts drafted total,manually verify subreddit rules before Monday of week 2,manual review
2,Mon,reddit,Publish Concept 1 (r/personalfinanceindia) — MANUAL APPROVAL REQUIRED,reddit-posts-12-weeks.md concept 1,Aniket,manual rules check + manual approval,required-ctc-report-2026,post live,not started,,,awaiting manual approval per hard constraints
2,Tue,linkedin,Publish Week 1 Post 1 — MANUAL APPROVAL REQUIRED,linkedin-posts-weeks-1-4.md,Aniket,manual approval,required-ctc-report-2026,post live,not started,,,awaiting manual approval
2,Wed,linkedin,Publish Week 1 Post 2 — MANUAL APPROVAL REQUIRED,linkedin-posts-weeks-1-4.md,Aniket,manual approval,required-ctc-report-2026,post live,not started,,,awaiting manual approval
2,Thu,linkedin,Publish company-page Week 1 post — MANUAL APPROVAL REQUIRED,linkedin-posts-weeks-1-4.md,Aniket,manual approval,required-ctc-report-2026,post live,not started,,,awaiting manual approval
2,Fri,linkedin,Publish Week 1 Post 3 — MANUAL APPROVAL REQUIRED,linkedin-posts-weeks-1-4.md,Aniket,manual approval,required-ctc-report-2026,post live,not started,,,awaiting manual approval
2,Mon-Fri,outreach,Send outreach batch 1 (10 emails) — MANUAL APPROVAL REQUIRED,outreach-templates.md + outreach-ledger.csv rows,Aniket,manual approval per email,required-ctc-report-2026,10 sent,not started,,,awaiting manual approval per hard constraints
3,Mon,linkedin,Publish Week 2 posts (3),linkedin-12-week-calendar.csv,Aniket,manual approval,required-ctc-report-2026,3 posts live,not started,,,pending
3,Wed,college,Send first college partnership pitches (4 net-new institutions),college-outreach-shortlist.csv,Aniket,manual approval,graduate-offer-guide-2026,4 sent,not started,,,pending — First Offer Reality Guide PDF must be produced first
4,Mon-Fri,outreach,Send outreach batch 2 (10 emails),outreach-ledger.csv,Aniket,batch 1 results reviewed,required-ctc-report-2026,10 sent,not started,,,pending
4,Fri,review,Weekly Friday review — first full cycle,growth-dashboard-spec.md,Aniket,GA4/GSC access ideally available by now,required-ctc-report-2026,dashboard compiled,not started,,,pending — depends on analytics-export-request.md being fulfilled
5-8,various,linkedin+reddit+outreach,Steady-state weekly cadence: 3 LinkedIn personal posts/week + 1 company post/week + 15-20 comments/week + 10 outreach emails/week + Reddit native post every 2-3 weeks,see respective playbooks,Aniket,ongoing prospect research,required-ctc-report-2026 / graduate-offer-guide-2026,per growth-dashboard-spec.md,not started,,,apply Phase 14 decision rules every Friday
5-8,various,college,College partnership pilot — remaining 11 institutions,college-outreach-shortlist.csv,Aniket,First Offer Reality Guide PDF produced,graduate-offer-guide-2026,11 sent total,not started,,,pending
5-8,various,b2b,Embed/API outreach to new HRMS prospects (A09-A16),backlink-prospects.csv category A,Aniket,for-businesses page review,required-ctc-report-2026,8 sent,not started,,,pending
9,Mon,content,Second data cut / report update planning,in-hand-salary-model.ts (extend if warranted by data),Aniket,90-day data review,required-ctc-report-2026-v2,scope defined,not started,,,only build if week 1-8 data shows demand for a specific new cut
9-11,various,outreach,Follow-up with engaged prospects (replied but not yet converted),outreach-ledger.csv,Aniket,batch 1-4 results,required-ctc-report-2026,follow-up sent to all positive replies,not started,,,per outreach-templates.md follow-up rule — once only
11,various,content,Publish one co-created article if secured,link-earning-offers.md Offer 5,Aniket,a positive relationship reaching this stage,required-ctc-report-2026,article live with mutual attribution,not started,,,conditional — do not force this if no relationship reached this stage organically
12,Mon,review,Compile 90-day performance report,growth-dashboard-spec.md + campaign-ledger.csv,Aniket,full quarter of data,required-ctc-report-2026,report compiled,not started,,,apply Phase 14 "stop" rules to any channel that never produced signal
12,Fri,review,Decide what continues into next quarter,Phase 14 decision rules,Aniket,90-day report,required-ctc-report-2026,decision documented,not started,,,expand what worked, stop what didn't — do not default to "do more of everything"
