prospect_id,organization,domain,prospect_type,relevant_page,relevant_topic,contact_name,public_contact_url,public_email,recent_relevant_article,why_salaryexit_is_relevant,asset_to_offer,outreach_angle,status,first_contact_date,follow_up_date,response,link_acquired,link_url,notes
A01,People Matters,peoplematters.in,HR publication,Compensation & Benefits section,compensation benchmarking and pay structuring,Not identified — use site contact form,peoplematters.in (contact/about page),Not verified — use public contact form,Not verified this session — check current homepage before outreach,Covers compensation/pay-structure content for HR practitioners; the in-hand model quantifies a gap HR teams field as support tickets,Custom data cut + citation-ready chart,"Editorial chart offer: 'employer-cost structure changes take-home by X even at identical CTC' fits their compensation-benchmarking coverage",not started,,,,false,,Real org — verified via search. Founded 2009 Gurugram.
A02,HR Katha,hrkatha.com,HR publication,Compensation & Benefits category,payroll and comp trends,Not identified — use site contact form,hrkatha.com (contact/about page),Not verified — use public contact form,"""The year HR stopped pretending"" 2025 roundup",Runs a dedicated Compensation & Benefits vertical; PF capped-vs-full comparison is directly on-topic,Free embed of the in-hand table,Embed offer for their comp/benefits vertical,not started,,,,false,,Real org — verified via search.
A03,ETHRWorld (Economic Times),hr.economictimes.indiatimes.com,HR publication,HR/payroll coverage,payroll compliance and pay trends,Not identified — use site contact form,economictimes.indiatimes.com (contact page),Not verified — use public contact form,Not verified this session,Large-reach HR vertical of a major business daily; the Section 87A 100%-marginal-rate zone finding is a timely compensation-planning angle,Journalist-ready summary + data,Media-pitch style outreach (see media-pitches.md),not started,,,,false,,Real, well-known ET vertical — high-value but competitive target.
A04,India Briefing (Dezan Shira & Associates),india-briefing.com,HR/compliance publication,HR Payroll Wage Compliance Guide 2026,payroll and wage compliance,Not identified — use site contact form,india-briefing.com (contact page),Not verified — use public contact form,"India HR, Payroll, and Wage Compliance Guide 2026",Already publishes a 2026 payroll/wage guide; the in-hand model is a natural data supplement to their compliance content,Custom data cut for their existing guide,"""I noticed your 2026 payroll guide explains TDS obligations but doesn't show the employee-side in-hand impact — happy to provide that chart.""",not started,,,,false,,Real, verified via search — currently has live 2026 HR/payroll content.
A05,Keka HR,keka.com,HRMS/payroll SaaS,blog/resources,payroll and payslip explainers,Not identified — use site contact form,keka.com/contact,Not verified — use public contact form,Not applicable — already contacted once (see notes),Already a B2B outreach target in the prior campaign (forensics report),Follow-up with the flagship report as new value,Follow-up email referencing the new report as fresh value, not a repeat ask,not started,,,,false,,"Previously emailed 2026-07-27 (forensics report), no recorded reply. Do not re-blast — use outreach-ledger.csv follow-up sequence."
A06,greytHR,greythr.com,HRMS/payroll SaaS,blog/resources,payroll and compliance content,Not identified — use site contact form,greythr.com/contact-us,Not verified — use public contact form,Not applicable — already contacted once,Already a B2B outreach target,Follow-up with the flagship report,Same as A05,not started,,,,false,,Previously emailed 2026-07-27. Use follow-up sequence, not a fresh cold email.
A07,Zimyo,zimyo.com,HRMS/payroll SaaS,blog/resources,payroll and HR tech content,Not identified — use site contact form,zimyo.com/contact-us,Not verified — use public contact form,Not applicable — already contacted once,Already a B2B outreach target,Follow-up with the flagship report,Same as A05,not started,,,,false,,Previously emailed 2026-07-27.
A08,Pocket HRMS,pockethrms.com,HRMS/payroll SaaS,blog/resources,payroll content,Not identified — use site contact form,pockethrms.com/contact-us,Not verified — use public contact form,Not applicable — already contacted once,Already a B2B outreach target,Follow-up with the flagship report,Same as A05,not started,,,,false,,Previously emailed 2026-07-27.
A09,Darwinbox,darwinbox.com,HRMS SaaS,blog/resources,HR tech and payroll,Not identified — use site contact form,darwinbox.com/contact-us,Not verified — use public contact form,Not verified this session,Major Indian HRMS platform not yet contacted — real, well-known company,API/embed licensing pitch (Phase 9 template),B2B licensing email,not started,,,,false,,New prospect, not part of the original 5.
A10,PeopleStrong,peoplestrong.com,HRMS SaaS,blog/resources,HR tech and payroll,Not identified — use site contact form,peoplestrong.com/contact-us,Not verified — use public contact form,Not verified this session,Major Indian HRMS platform,API/embed licensing pitch,B2B licensing email,not started,,,,false,,New prospect.
A11,RazorpayX Payroll,razorpay.com/payroll,Payroll SaaS,blog/resources,payroll processing,Not identified — use site contact form,razorpay.com/contact-us,Not verified — use public contact form,Not verified this session,Payroll product embedded in a major fintech; in-hand estimation is directly relevant to their payslip UX,API/embed licensing pitch,B2B licensing email,not started,,,,false,,New prospect — real, well-known product.
A12,Qandle,qandle.com,HRMS SaaS,blog/resources,payroll and HR tech,Not identified — use site contact form,qandle.com/contact-us,Not verified — use public contact form,Not verified this session,Mid-market HRMS platform,API/embed licensing pitch,B2B licensing email,not started,,,,false,,New prospect.
A13,HROne,hrone.cloud,HRMS SaaS,blog/resources,payroll and HR tech,Not identified — use site contact form,hrone.cloud/contact-us,Not verified — use public contact form,Not verified this session,Mid-market HRMS platform,API/embed licensing pitch,B2B licensing email,not started,,,,false,,New prospect.
A14,Saral PayPack,saralpaypack.com,Payroll software,blog/resources,payroll software,Not identified — use site contact form,saralpaypack.com/contact,Not verified — use public contact form,Not verified this session,Payroll-specific software vendor,API/embed licensing pitch,B2B licensing email,not started,,,,false,,New prospect.
A15,ZingHR,zinghr.com,HRMS SaaS,blog/resources,HR tech and payroll,Not identified — use site contact form,zinghr.com/contact-us,Not verified — use public contact form,Not verified this session,Mid-market HRMS platform,API/embed licensing pitch,B2B licensing email,not started,,,,false,,New prospect.
A16,Spine Technologies (Spine HR),spinehr.com,Payroll software,blog/resources,payroll software,Not identified — use site contact form,spinehr.com/contact,Not verified — use public contact form,Not verified this session,Established Indian payroll software vendor,API/embed licensing pitch,B2B licensing email,not started,,,,false,,New prospect.
A17,BankBazaar (blog),blog.bankbazaar.com,Personal finance publisher with HR-adjacent content,blog category pages,salary, PF, tax content,BankBazaar editorial team,bankbazaar.com/contact-us,Not verified — use public contact form,Not verified this session,Publishes salary/PF/tax explainers directly overlapping this report's scope,Citation-ready chart,Editorial chart offer,not started,,,,false,,Real, verified — 16.4K blog followers per search.
A18,ClearTax,cleartax.in,Tax/finance publisher,blog,salary and tax filing content,Not identified — use site contact form,cleartax.in (contact/help page),Not verified — use public contact form,ITR filing and salary-tax explainers (multiple),Large-reach tax-filing platform with salary-tax educational content,Citation-ready chart + custom data cut,Editorial chart offer,not started,,,,false,,Real, verified — major Indian tax-filing platform.
A19,India Briefing HR Payroll section (duplicate check),india-briefing.com/doing-business-guide/india/human-resources-and-payroll,HR/compliance,dedicated HR & payroll guide page,payroll and HR compliance,Not identified,india-briefing.com (contact page),Not verified,Human Resources and Payroll — India Guide,Distinct guide page from A04 within the same publisher — separate outreach angle possible,Custom data cut,Same as A04 but targeting the evergreen guide page specifically,not started,,,,false,,Same publisher as A04 — coordinate outreach so both aren't contacted independently without context.
A20,Naukri.com (Naukri Campus / HR content),naukri.com/campus,Career/HR content hub,career-guidance section,salary negotiation and offer evaluation,Not identified — use site contact form,naukri.com (contact/about page),Not verified — use public contact form,"""How to negotiate salary for freshers"" and related career-guidance posts",Naukri Campus already publishes salary-negotiation content for freshers — directly adjacent,Free embed or citation-ready chart,Embed/citation offer for their career-guidance vertical,not started,,,,false,,Real, verified — Naukri Campus career-guidance content confirmed via search.
A21,AmbitionBox,ambitionbox.com,Salary/company-review platform,salary insights pages,salary benchmarking,Not identified — use site contact form,ambitionbox.com (contact/about page),Not verified — use public contact form,Not verified this session,Salary-data platform (part of Naukri) — natural data-partnership fit,Custom data cut + co-created resource,Data-partnership angle rather than a simple backlink ask,not started,,,,false,,Real, verified — now part of Naukri.com per search.
A22,Foundit (formerly Monster India),foundit.in,Job board,blog/resources,job-seeker salary content,Not identified — use site contact form,foundit.in/contact-us,Not verified — use public contact form,Not applicable — already contacted once,Already a B2B outreach target (forensics report, job-board template),Follow-up with the flagship report,Follow-up, not a fresh cold email,not started,,,,false,,Previously emailed 2026-07-27 as part of the original 5.
A23,Shine.com,shine.com,Job board,career-advice section,salary and career-advice content,Not identified — use site contact form,shine.com (contact/about page),Not verified — use public contact form,Not verified this session,Major Indian job board with a career-advice content vertical,Citation-ready chart,Editorial chart offer to their career-advice team,not started,,,,false,,Real, well-known Indian job board.
A24,TimesJobs,timesjobs.com,Job board,career-advice section,salary and job-market content,Not identified — use site contact form,timesjobs.com (contact/about page),Not verified — use public contact form,Not verified this session,Times Group job board with career content,Citation-ready chart,Editorial chart offer,not started,,,,false,,Real, well-known Indian job board.
A25,Freshersworld,freshersworld.com,Job board (freshers-focused),career-advice/blog,fresher salary and offer-letter content,Not identified — use site contact form,freshersworld.com (contact/about page),Not verified — use public contact form,Not verified this session,Directly targets the same first-job audience as the college partnership plan,First Offer Reality Guide + citation,Cross-reference with Phase 8 college guide content,not started,,,,false,,Real, well-known freshers-focused job board — natural overlap with Phase 8.
B01,Instahyre,instahyre.com,Tech recruitment platform,blog/resources,tech-role compensation,Not identified — use site contact form,instahyre.com/contact,Not verified — use public contact form,Not verified this session,Curated tech-hiring platform for premium/product roles — compensation-literate audience,Custom data cut for tech-salary bands,B2B/co-marketing angle,not started,,,,false,,Real, verified via search — tech/product-role hiring platform.
B02,Cutshort,cutshort.io,Tech recruitment platform,blog/resources,tech hiring and compensation,Not identified — use site contact form,cutshort.io/contact,Not verified — use public contact form,Not verified this session,AI-matched tech hiring platform,Custom data cut,B2B/co-marketing angle,not started,,,,false,,Real, verified via search.
B03,Apna,apna.co,Blue-collar/frontline job platform,blog/resources,frontline-worker salary content,Not identified — use site contact form,apna.co/contact,Not verified — use public contact form,Not verified this session,Large frontline/blue-collar hiring platform — different salary band than this report's default table (worth a custom low-CTC cut),Custom data cut at lower CTC bands (₹2-5L),Offer a below-₹5L extension of the model if they're interested,not started,,,,false,,Real, verified via search — audience differs from this report's default ₹5-50L range; flag for a possible custom cut before pitching.
B04,Hirect,hirect.in,Direct-chat hiring platform,blog/resources,startup hiring and compensation,Not identified — use site contact form,hirect.in/contact,Not verified — use public contact form,Not verified this session,Startup-focused chat-based hiring platform,Citation-ready chart,Editorial/co-marketing offer,not started,,,,false,,Real, verified via search.
B05,Internshala,internshala.com,Internship/fresher job platform,career-advice/blog,fresher and internship compensation,Not identified — use site contact form,internshala.com/contact-us,Not verified — use public contact form,Not verified this session,Major platform for the exact first-job audience this report and the college guide target,First Offer Reality Guide + citation,Cross-reference with Phase 8,not started,,,,false,,Real, well-known internship/fresher platform.
B06,iimjobs,iimjobs.com,Premium/management job board,blog/resources,management-role compensation,Not identified — use site contact form,iimjobs.com/contact,Not verified — use public contact form,Not verified this session,Management-track job board — higher CTC bands align with this report's ₹15-50L rows,Citation-ready chart at higher CTC bands,Editorial chart offer,not started,,,,false,,Real, well-known management-job platform.
B07,Glassdoor India,glassdoor.co.in,Salary/company-review platform,salary pages,salary transparency content,Not identified — use site contact form,glassdoor.com (contact/about page),Not verified — use public contact form,Not verified this session,Global salary-transparency platform with an India vertical,Data-partnership angle,Co-marketing/data-partnership pitch,not started,,,,false,,Real, well-known global platform with India presence.
B08,LinkedIn Talent Blog (India edition),business.linkedin.com/talent-solutions/blog,Recruiter-facing content hub,blog,hiring and compensation trends,Not identified — use site contact form,linkedin.com (contact page),Not verified — use public contact form,Not verified this session,LinkedIn's own talent-solutions content hub covers compensation trends for recruiters,Citation-ready chart,Long-shot editorial pitch — large publisher, low response probability,not started,,,,false,,Real but very high-difficulty target — deprioritize relative to smaller HR/finance blogs.
B09,CareerGuide,careerguide.com,Career counselling platform,blog/resources,career and salary guidance,Not identified — use site contact form,careerguide.com/contact-us,Not verified — use public contact form,Not verified this session,Career-counselling platform serving students/freshers,First Offer Reality Guide + citation,Cross-reference with Phase 8,not started,,,,false,,Real, verified via general knowledge of the Indian career-counselling space — domain not independently re-confirmed this session.
B10,Superprofs / Unacademy career content,unacademy.com,EdTech with career-prep content,blog/resources,exam and career prep,Not identified — use site contact form,unacademy.com/contact-us,Not verified — use public contact form,Not verified this session,Large EdTech platform with career-prep audience overlapping first-job/placement content,First Offer Reality Guide + citation,Cross-reference with Phase 8,not started,,,,false,,Real, well-known EdTech platform.
B11,GeeksforGeeks (careers/interview-prep section),geeksforgeeks.org,Tech-education platform,career/interview-prep articles,tech-role compensation and offer evaluation,Not identified — use site contact form,geeksforgeeks.org/contact-us,Not verified — use public contact form,Not verified this session,Very large developer-audience platform with career-advice content — high relevance to r/developersIndia's audience too,Citation-ready chart for tech CTC bands,Editorial chart offer,not started,,,,false,,Real, extremely well-known platform — high-value, competitive target.
B12,Scaler (career/salary content),scaler.com,Tech upskilling platform,blog/career-advice,tech-role compensation,Not identified — use site contact form,scaler.com/contact-us,Not verified — use public contact form,Not verified this session,Tech upskilling platform whose audience negotiates job-switch offers,Citation-ready chart,Editorial chart offer,not started,,,,false,,Real, well-known platform.
B13,Testbook (career blog),testbook.com,Exam-prep/career platform,career blog,government and private-sector salary content,Not identified — use site contact form,testbook.com/contact-us,Not verified — use public contact form,Not verified this session,Large exam-prep audience that also covers private-sector salary comparisons,Citation-ready chart,Editorial chart offer,not started,,,,false,,Real, well-known platform.
B14,Careers360,careers360.com,Education/career information platform,placement and salary coverage,college placement and salary data,Not identified — use site contact form,careers360.com/contact-us,Not verified — use public contact form,College placement coverage (seen in search results for this task),Already covers college placement data — directly adjacent to the college partnership plan,First Offer Reality Guide + citation,Cross-reference with Phase 8,not started,,,,false,,Real, verified via search this session — already publishes placement-related content.
B15,Shiksha.com (Times Group),shiksha.com,Education/career platform,career-advice section,college-to-career transition content,Not identified — use site contact form,shiksha.com/contact-us,Not verified — use public contact form,Not verified this session,Times Group education platform covering the college-to-first-job transition,First Offer Reality Guide + citation,Cross-reference with Phase 8,not started,,,,false,,Real, well-known Times Group platform.
B16,Great Learning (career blog),mygreatlearning.com,EdTech/upskilling platform,career blog,career switch and compensation,Not identified — use site contact form,mygreatlearning.com/contact-us,Not verified — use public contact form,Not verified this session,Upskilling platform with career-outcome content,Citation-ready chart,Editorial chart offer,not started,,,,false,,Real, well-known platform.
B17,upGrad (career blog),upgrad.com,EdTech/upskilling platform,career blog,career switch and compensation,Not identified — use site contact form,upgrad.com/contact-us,Not verified — use public contact form,Not verified this session,Large upskilling platform with career-outcome/salary content,Citation-ready chart,Editorial chart offer,not started,,,,false,,Real, well-known platform.
B18,Indeed India (career guide),in.indeed.com/career-advice,Job board,career-advice section,salary negotiation and offer evaluation,Not identified — use site contact form,indeed.com (contact page),Not verified — use public contact form,Not verified this session,Global job board's India career-advice vertical,Citation-ready chart,Editorial chart offer — large publisher, moderate response probability,not started,,,,false,,Real, well-known global platform with an India career-advice vertical.
B19,Jobsforher (career blog),jobsforher.com,Job board (women returning to work focus),career blog,salary negotiation for women returning to work,Not identified — use site contact form,jobsforher.com/contact-us,Not verified — use public contact form,Not verified this session,Focused audience segment — salary re-entry after a career break has distinct offer-evaluation needs,Custom data cut framed for career-restart scenarios,Tailored data-cut offer rather than the default table,not started,,,,false,,Real, well-known platform for this audience segment.
B20,WorkIndia,workindia.in,Blue-collar/frontline job platform,blog/resources,frontline salary content,Not identified — use site contact form,workindia.in/contact,Not verified — use public contact form,Not verified this session,Frontline-hiring platform, audience overlaps with Apna (B03),Custom data cut at lower CTC bands,Same lower-band-cut approach as B03,not started,,,,false,,Real, well-known platform — coordinate with B03 to avoid duplicate lower-band-cut work.
B21,Wheebox (India Skills Report),wheebox.com,Skills/employability assessment platform,India Skills Report (annual),graduate employability and starting salary,Not identified — use site contact form,wheebox.com/contact-us,Not verified — use public contact form,Not verified this session,Publishes an annual employability report — a natural co-citation partner for salary data,Custom data cut for their annual report,Pitch as a data contribution to next year's India Skills Report,not started,,,,false,,Real, well-known — publishes the well-known annual India Skills Report; long-lead-time relationship, not a quick win.
B22,PayScale India,payscale.com,Salary-benchmarking platform,salary survey content,salary benchmarking,Not identified — use site contact form,payscale.com/contact-us,Not verified — use public contact form,Not verified this session,Direct competitor/complement in the salary-data space — potential co-citation rather than backlink,Data-partnership angle,Co-marketing/data-partnership pitch,not started,,,,false,,Real, well-known global platform with India coverage.
B23,Talent500,talent500.com,Tech recruitment platform,blog/resources,tech-role compensation,Not identified — use site contact form,talent500.com/contact,Not verified — use public contact form,Not verified this session,Tech-recruitment platform,Custom data cut for tech-salary bands,B2B/co-marketing angle,not started,,,,false,,Real, verified via general knowledge — not independently re-confirmed this session.
B24,Turing (India hiring blog),turing.com,Global remote tech hiring platform,blog,remote/global compensation for Indian tech talent,Not identified — use site contact form,turing.com/contact,Not verified — use public contact form,Not verified this session,Covers India-vs-global compensation for remote tech roles — a distinct angle from the domestic-only model in this report,Custom data cut comparing domestic vs. remote-global pay structures,Tailored pitch — this is a stretch/differentiated angle, not the default table,not started,,,,false,,Real, well-known platform — lower-confidence fit, flagged as a stretch prospect.
B25,Naukrigulf (India-to-Gulf job seekers),naukrigulf.com,Job board (India-to-Gulf migration focus),career-advice section,expat/Gulf salary comparison,Not identified — use site contact form,naukrigulf.com/contact-us,Not verified — use public contact form,Not verified this session,Different but related audience — Indians evaluating domestic vs. Gulf offers,Stretch angle — would need a new domestic-vs-Gulf model not in this report's current scope,Deprioritize until a matching asset exists,not started,,,,false,,Real platform — flagged low-priority since no matching asset exists yet.
C01,TaxGuru,taxguru.in,Tax publisher,salary/tax articles,income tax and salary structuring,CA Sandeep Kanoi,taxguru.in (contact/about page),Not verified — use public contact form,Not verified this session — 182.5K Twitter following per search,Large, credentialed tax-publishing platform with salary-tax content,Citation-ready chart + custom data cut,Editorial chart offer to a named, verified author,not started,,,,false,,Real, named individual verified via FeedSpot journalist directory this session.
C02,Freefincal,freefincal.com,Personal finance publisher,salary/tax calculators and articles,personal finance and tax planning,M. Pattabiraman,freefincal.com (contact/about page),Not verified — use public contact form,Not verified this session — 24.8K followers per search,Well-known personal-finance educator who publishes his own calculators — natural peer for a data/methodology exchange,Custom data cut + methodology discussion,Peer-to-peer methodology exchange, not a simple backlink ask,not started,,,,false,,Real, named individual verified via FeedSpot journalist directory this session.
C03,Safal Niveshak,safalniveshak.com,Personal finance publisher,investment/finance articles,personal finance,Vishal Khandelwal,safalniveshak.com (contact/about page),Not verified — use public contact form,Not verified this session — 184.8K followers per search,Large personal-finance readership,Citation-ready chart,Editorial chart offer,not started,,,,false,,Real, named individual verified via FeedSpot journalist directory this session.
C04,Stable Investor,stableinvestor.in,Personal finance publisher,investment/finance articles,personal finance and salary planning,Dev Ashish,stableinvestor.in (contact/about page),Not verified — use public contact form,Not verified this session — 43K followers per search,Personal-finance blog covering salary/investment planning,Citation-ready chart,Editorial chart offer,not started,,,,false,,Real, named individual verified via FeedSpot journalist directory this session.
C05,Value Investor India,valueinvestorindia.com,Personal finance publisher,investment articles,personal finance,Rohit Chauhan,valueinvestorindia.com (contact/about page),Not verified — use public contact form,Not verified this session — 56.3K followers per search,Personal-finance/investment readership,Citation-ready chart,Editorial chart offer,not started,,,,false,,Real, named individual verified via FeedSpot journalist directory this session.
C06,Chartered Club,charteredclub.com,Tax publisher,salary/tax articles,income tax for salaried employees,Karan Batra,charteredclub.com (contact/about page),Not verified — use public contact form,Not verified this session — 54.7K followers per search,CA-run tax-education site with salaried-employee content,Citation-ready chart + custom data cut,Editorial chart offer to a named, credentialed author,not started,,,,false,,Real, named individual verified via FeedSpot journalist directory this session.
C07,Jago Investor,jagoinvestor.com,Personal finance publisher,investment/finance articles,personal finance,Jagoinvestor (site handle),jagoinvestor.com (contact/about page),Not verified — use public contact form,Not verified this session — 14.7K followers per search,Established personal-finance education blog,Citation-ready chart,Editorial chart offer,not started,,,,false,,Real, verified via FeedSpot journalist directory this session.
C08,FundsIndia blog,fundsindia.com,Investment platform blog,blog,personal finance and investment,Jiral Mehta,fundsindia.com (contact/about page),Not verified — use public contact form,Not verified this session — 24.8K followers per search,Investment platform with a personal-finance content vertical,Citation-ready chart,Editorial chart offer,not started,,,,false,,Real, named individual verified via FeedSpot journalist directory this session.
C09,ClearTax blog,cleartax.in,Tax/finance publisher,blog,salary and tax content,Not identified — use site contact form,cleartax.in (contact/help page),Not verified — use public contact form,ITR filing and salary-tax explainers,Duplicate-adjacent to A18 — same publisher, distinct blog vertical worth a separate pitch,Custom data cut,Coordinate with A18 so both aren't pitched independently,not started,,,,false,,Same organization as A18 — sequence outreach to avoid duplication.
C10,Groww blog,groww.in/blog,Investment platform blog,Personal Finance category,personal finance and salary-linked investment planning,Not identified — use site contact form,groww.in (contact/help page),Not verified — use public contact form,Groww blog Personal Finance category (confirmed live via search),Large investment-platform blog with a dedicated personal-finance vertical,Citation-ready chart,Editorial chart offer,not started,,,,false,,Real, verified via search this session — live Personal Finance blog category confirmed.
C11,ET Money (blog),etmoney.com,Investment platform blog,blog,personal finance and tax planning,Not identified — use site contact form,etmoney.com (contact/help page),Not verified — use public contact form,Not verified this session,Major investment platform with personal-finance content,Citation-ready chart,Editorial chart offer,not started,,,,false,,Real, well-known platform.
C12,BankBazaar (duplicate check vs A17),bankbazaar.com,Financial products/content platform,blog,personal finance including salary/PF/tax,BankBazaar editorial team,bankbazaar.com/contact-us,Not verified — use public contact form,Not verified this session,Same organization as A17 — listed once here for the finance-publisher category, coordinate outreach,Custom data cut,Coordinate with A17,not started,,,,false,,Duplicate of A17 — sequence, don't double-contact.
C13,Moneycontrol Personal Finance,moneycontrol.com,Financial news platform,Personal Finance section,salary, tax, and take-home planning,Not identified — use site contact form,moneycontrol.com (contact/tips page),Not verified — use public contact form,Not verified this session,Major financial-news platform with a dedicated Personal Finance desk,Journalist-ready summary,Media-pitch style outreach,not started,,,,false,,Real, well-known — large, competitive target; see media-pitches.md.
C14,Mint (Livemint) Money section,livemint.com,Financial news platform,Money section,salary and tax-regime content,Not identified — use site contact form,livemint.com (contact/tips page),Not verified — use public contact form,Not verified this session,Major financial daily with a Money section covering exactly this report's topics,Journalist-ready summary,Media-pitch style outreach,not started,,,,false,,Real, well-known — large, competitive target.
C15,Business Standard Personal Finance,business-standard.com,Financial news platform,Personal Finance section,salary and tax content,Not identified — use site contact form,business-standard.com (contact/tips page),Not verified — use public contact form,Not verified this session,Major financial daily,Journalist-ready summary,Media-pitch style outreach,not started,,,,false,,Real, well-known — large, competitive target.
C16,Scripbox blog,scripbox.com,Investment platform blog,blog,personal finance and tax planning,Not identified — use site contact form,scripbox.com (contact/help page),Not verified — use public contact form,Not verified this session,Investment platform with personal-finance content,Citation-ready chart,Editorial chart offer,not started,,,,false,,Real, well-known platform.
C17,INDmoney blog,indmoney.com,Investment platform blog,blog,personal finance and tax planning,Not identified — use site contact form,indmoney.com (contact/help page),Not verified — use public contact form,Not verified this session,Investment platform with personal-finance content,Citation-ready chart,Editorial chart offer,not started,,,,false,,Real, well-known platform.
C18,PolicyBazaar blog (PaisaBazaar),paisabazaar.com,Financial products platform blog,blog,credit, loans, and salary-linked planning,Not identified — use site contact form,paisabazaar.com (contact/help page),Not verified — use public contact form,Not verified this session,"Sister platform to PolicyBazaar, publishes credit-health and saving-strategy content adjacent to this report",Citation-ready chart,Editorial chart offer,not started,,,,false,,Real, verified via search this session (PaisaBazaar).
C19,Zerodha Varsity,zerodha.com/varsity,Investment education platform,modules/blog,personal finance education,Not identified — use site contact form,zerodha.com (contact/support page),Not verified — use public contact form,Not verified this session,India's most widely-used investment education platform — very large reach if a fit can be found,Citation-ready chart — long-shot given Varsity's curriculum format,Long-shot editorial pitch,not started,,,,false,,Real, extremely well-known — very high bar for inclusion in structured curriculum content; deprioritize vs. blog-format prospects.
C20,Reddit r/IndiaInvestments (community, not a domain) — noted as an existing relationship, not a new backlink target,reddit.com/r/IndiaInvestments,Community (not a link-building prospect),existing account history,personal finance discussion,u/salaryexitindia (own account),n/a,n/a,Own prior post — see forensics report,Already has account history here — a channel for future native posts (Phase 6), not a cold outreach target,n/a,See reddit-posts-12-weeks.md instead of outreach-ledger.csv,not started,,,,false,,Included to explicitly flag: do NOT cold-outreach this as if it were a new prospect — it's Phase 6 territory.
D01,IIT Madras — Placement & Internship Office,placement.iitm.ac.in,College placement resource,Students' Guide & Policies document,placement resources and student guidance,Placement & Internship Office,placement.iitm.ac.in,Not verified — use official placement office contact form,Students' Guide & Policies Document Placements 2023-24 (confirmed live via search),Publishes an active, downloadable placement guide — a real, existing resource page to pitch a supplementary financial-literacy resource to,First Offer Reality Guide (PDF),"""Your placement guide covers process and policy — we'd like to offer a companion resource on what the CTC number actually means"" ",not started,,,,false,,Real, verified via search this session — confirmed live document.
D02,IIT (BHU) Varanasi — Training & Placement Cell,placement.iitbhu.ac.in,College placement resource,T&P Cell homepage,placement resources,Training & Placement Cell,placement.iitbhu.ac.in,Not verified — use official placement office contact form,Not verified this session,Real, active placement cell with a public site,First Offer Reality Guide (PDF),Same pitch as D01,not started,,,,false,,Real, verified via search this session.
D03,IIM Indore — Career Services,iimidr.ac.in/placements,College placement resource,Career Services page,placement process,Career Services,iimidr.ac.in,Not verified — use official placement office contact form,Not verified this session,Management-school placement office — audience negotiates higher CTC bands aligning with this report's upper rows,First Offer Reality Guide (PDF) + higher-band data cut,Pitch focused on offer-comparison for management-track candidates,not started,,,,false,,Real, verified via search this session.
D04,IIIT Lucknow — Training & Placement Cell,placements.iiitl.ac.in,College placement resource,T&P Cell homepage,placement resources,Training & Placement Cell,placements.iiitl.ac.in,Not verified — use official placement office contact form,Not verified this session,Real, active placement cell,First Offer Reality Guide (PDF),Same pitch as D01,not started,,,,false,,Real, verified via search this session.
D05,IIT Bombay — Placement Office,iitb.ac.in (placement office),College placement resource,placement office section,placement resources,Placement Office,iitb.ac.in,Not verified — use official placement office contact form,Not verified this session — not independently re-confirmed this session beyond general knowledge,Well-known, real institution with an active placement office,First Offer Reality Guide (PDF),Same pitch as D01,not started,,,,false,,"Real institution (high confidence, well-known); specific page URL not re-verified this session — confirm exact contact page before sending."
D06,IIT Delhi — Placement Office,placement.iitd.ac.in,College placement resource,placement office section,placement resources,Placement Office,placement.iitd.ac.in,Not verified — use official placement office contact form,Not verified this session,"Well-known, real institution",First Offer Reality Guide (PDF),Same pitch as D01,not started,,,,false,,"Real institution (high confidence); exact page URL not re-verified this session — confirm before sending."
D07,IIM Ahmedabad — Career Development Services,iima.ac.in (CDS),College placement resource,Career Development Services,placement resources,Career Development Services,iima.ac.in,Not verified — use official placement office contact form,Not verified this session,"Well-known, real institution",First Offer Reality Guide (PDF) + higher-band data cut,Same pitch as D03,not started,,,,false,,"Real institution (high confidence); exact page URL not re-verified this session."
D08,XLRI Jamshedpur — Placement Office,xlri.ac.in (placement),College placement resource,placement section,placement resources,Placement Office,xlri.ac.in,Not verified — use official placement office contact form,Not verified this session,"Well-known, real management institution",First Offer Reality Guide (PDF) + higher-band data cut,Same pitch as D03,not started,,,,false,,"Real institution (high confidence); exact page URL not re-verified this session."
D09,ISB Hyderabad — Career Advancement Services,isb.edu (CAS),College placement resource,Career Advancement Services,placement resources,Career Advancement Services,isb.edu,Not verified — use official placement office contact form,Not verified this session,"Well-known, real institution, higher CTC bands",First Offer Reality Guide (PDF) + higher-band data cut,Same pitch as D03,not started,,,,false,,"Real institution (high confidence); exact page URL not re-verified this session."
D10,NMIMS Mumbai — Placement Cell,nmims.edu (placement),College placement resource,placement section,placement resources,Placement Cell,nmims.edu,Not verified — use official placement office contact form,Not verified this session,"Well-known, real institution",First Offer Reality Guide (PDF),Same pitch as D01,not started,,,,false,,"Real institution (high confidence); exact page URL not re-verified this session."
D11,SRCC Delhi — Placement Cell,srcc.edu (placement),College placement resource,placement section,placement resources,Placement Cell,srcc.edu,Not verified — use official placement office contact form,Not verified this session,"Well-known, real institution — commerce/finance-literate audience, strong topical fit",First Offer Reality Guide (PDF),Same pitch as D01,not started,,,,false,,"Real institution (high confidence); exact page URL not re-verified this session."
D12,Christ University Bangalore — Placement Cell,christuniversity.in (placement),College placement resource,placement section,placement resources,Placement Cell,christuniversity.in,Not verified — use official placement office contact form,Not verified this session,"Was on the original 68-college list (forensics report) — already emailed once with the generic template; this is a follow-up target with the new, more specific asset",First Offer Reality Guide (PDF),Follow-up referencing the new guide as fresh value,not started,,,,false,,"Previously emailed 2026-07-25 as part of the 68-college blast. Follow-up, not fresh outreach."
D13,Symbiosis Institutes Pune — Placement Cell,symbiosis.ac.in (placement),College placement resource,placement section,placement resources,Placement Cell,symbiosis.ac.in,Not verified — use official placement office contact form,Not verified this session,"Well-known, real institution",First Offer Reality Guide (PDF),Same pitch as D01,not started,,,,false,,"Real institution (high confidence); exact page URL not re-verified this session."
D14,Manipal Academy of Higher Education — Placement Cell,manipal.edu (placement),College placement resource,placement section,placement resources,Placement Cell,manipal.edu,Not verified — use official placement office contact form,Not verified this session,Was on the original 68-college list — follow-up target,First Offer Reality Guide (PDF),Follow-up referencing the new guide as fresh value,not started,,,,false,,Previously emailed 2026-07-25 as part of the 68-college blast.
D15,Vellore Institute of Technology (VIT) — Placement Cell,vit.ac.in (placement),College placement resource,placement section,placement resources,Placement Cell,vit.ac.in,Not verified — use official placement office contact form,Not verified this session,Was on the original 68-college list — follow-up target,First Offer Reality Guide (PDF),Follow-up referencing the new guide as fresh value,not started,,,,false,,Previously emailed 2026-07-25 as part of the 68-college blast.
E01,CA Sandeep Kanoi,taxguru.in,Individual writer/journalist,TaxGuru bylines,income tax and salary,CA Sandeep Kanoi,taxguru.in (contact/about page),Not verified — use public contact form,Not verified this session,Same individual as C01 — listed once in the journalist category per the task's required grouping, coordinate outreach with C01,Citation-ready chart,Coordinate with C01 — do not contact twice independently,not started,,,,false,,Duplicate-adjacent to C01 — same real person, required by the task's 5-category structure.
E02,M. Pattabiraman,freefincal.com,Individual writer/journalist,Freefincal articles,personal finance and tax,M. Pattabiraman,freefincal.com (contact/about page),Not verified — use public contact form,Not verified this session,Same individual as C02,Custom data cut + methodology discussion,Coordinate with C02,not started,,,,false,,Duplicate-adjacent to C02 — same real person.
E03,Karan Batra,charteredclub.com,Individual writer/journalist (CA),Chartered Club articles,income tax for salaried employees,Karan Batra,charteredclub.com (contact/about page),Not verified — use public contact form,Not verified this session,Same individual as C06,Citation-ready chart + custom data cut,Coordinate with C06,not started,,,,false,,Duplicate-adjacent to C06 — same real person.
E04,Dev Ashish,stableinvestor.in,Individual writer/journalist,Stable Investor articles,personal finance and salary planning,Dev Ashish,stableinvestor.in (contact/about page),Not verified — use public contact form,Not verified this session,Same individual as C04,Citation-ready chart,Coordinate with C04,not started,,,,false,,Duplicate-adjacent to C04 — same real person.
E05,Vishal Khandelwal,safalniveshak.com,Individual writer/journalist,Safal Niveshak articles,personal finance,Vishal Khandelwal,safalniveshak.com (contact/about page),Not verified — use public contact form,Not verified this session,Same individual as C03,Citation-ready chart,Coordinate with C03,not started,,,,false,,Duplicate-adjacent to C03 — same real person.
E06,Moneycontrol Personal Finance desk,moneycontrol.com,Newsroom desk (individual bylines not verified this session),Personal Finance section,salary and tax planning,Not identified — desk-level pitch, not a named individual,moneycontrol.com (contact/tips page),Not verified — use public contact form,Not verified this session,Same organization as C13,Journalist-ready summary,Coordinate with C13 — pitch the desk, not a specific unverified name,not started,,,,false,,"Deliberately not naming an individual journalist here — FeedSpot's Moneycontrol directory exists but specific current bylines for this beat were not independently re-verified this session. Pitch the desk via its public tips/contact channel instead of guessing a reporter's name."
E07,Mint (Livemint) Money desk,livemint.com,Newsroom desk,Money section,salary and tax-regime content,Not identified — desk-level pitch,livemint.com (contact/tips page),Not verified — use public contact form,Not verified this session,Same organization as C14,Journalist-ready summary,Coordinate with C14 — desk-level pitch,not started,,,,false,,Same reasoning as E06 — no specific byline verified this session.
E08,Business Standard Personal Finance desk,business-standard.com,Newsroom desk,Personal Finance section,salary and tax content,Not identified — desk-level pitch,business-standard.com (contact/tips page),Not verified — use public contact form,Not verified this session,Same organization as C15,Journalist-ready summary,Coordinate with C15 — desk-level pitch,not started,,,,false,,Same reasoning as E06.
E09,ETHRWorld editorial desk,hr.economictimes.indiatimes.com,Newsroom desk (HR vertical),HR/payroll coverage,payroll and compensation trends,Not identified — desk-level pitch,economictimes.indiatimes.com (contact page),Not verified — use public contact form,Not verified this session,Same organization as A03,Journalist-ready summary,Coordinate with A03 — desk-level pitch,not started,,,,false,,Same reasoning as E06 — pitch the HR vertical's editorial desk, not a guessed reporter name.
E10,People Matters editorial desk,peoplematters.in,Newsroom desk (HR vertical),HR News/Insights,compensation and HR trends,Not identified — desk-level pitch,peoplematters.in (contact/about page),Not verified — use public contact form,Not verified this session,Same organization as A01,Journalist-ready summary,Coordinate with A01,not started,,,,false,,Same reasoning as E06.
E11,HR Katha editorial desk,hrkatha.com,Newsroom desk (HR vertical),Compensation & Benefits category,payroll and comp trends,Not identified — desk-level pitch,hrkatha.com (contact/about page),Not verified — use public contact form,Not verified this session,Same organization as A02,Journalist-ready summary,Coordinate with A02,not started,,,,false,,Same reasoning as E06.
E12,Careers360 editorial desk,careers360.com,Newsroom desk (education/placement vertical),placement and salary coverage,college placement and salary data,Not identified — desk-level pitch,careers360.com/contact-us,Not verified — use public contact form,College placement coverage (confirmed live via search),Same organization as B14,Journalist-ready summary + First Offer Reality Guide,Coordinate with B14 — cross-reference with Phase 8,not started,,,,false,,Same organization as B14 — real, confirmed active placement coverage.
E13,Shiksha.com editorial desk,shiksha.com,Newsroom desk (education vertical),career-advice section,college-to-career transition,Not identified — desk-level pitch,shiksha.com/contact-us,Not verified — use public contact form,Not verified this session,Same organization as B15,Journalist-ready summary,Coordinate with B15,not started,,,,false,,Same reasoning as E06.
E14,India Briefing editorial desk,india-briefing.com,Newsroom desk (compliance/HR vertical),HR Payroll Wage Compliance Guide 2026,payroll compliance,Not identified — desk-level pitch,india-briefing.com (contact page),Not verified — use public contact form,India HR Payroll Wage Compliance Guide 2026 (confirmed live via search),Same organization as A04,Journalist-ready summary + custom data cut,Coordinate with A04,not started,,,,false,,Same organization as A04 — real, confirmed live 2026 content.
E15,Freefincal (methodology-exchange angle, distinct from E02),freefincal.com,Individual writer — distinct outreach angle,Freefincal's own calculator tools,calculator methodology and accuracy,M. Pattabiraman,freefincal.com (contact/about page),Not verified — use public contact form,Not verified this session,"Pattabiraman publishes and maintains his own financial calculators — a genuine peer for a methodology/accuracy discussion (Offer 4 in link-earning-offers.md), distinct from the simple citation ask in E02/C02",Expert technical explanation exchange (Offer 4),"""How do you handle the PF-ceiling assumption in your own calculators? We validated ours against X — curious how yours compares.""",not started,,,,false,,"Intentionally listed twice (C02, E02, and here) with three DIFFERENT outreach angles for the same real person — do not send all three; pick the one angle that fits after reviewing his current content."
