campaign_id,date,channel,platform,account,asset_type,topic,hook,destination_url,utm_source,utm_medium,utm_campaign,utm_content,status,impressions,clicks,sessions,calculator_starts,calculator_completions,shares,replies,backlinks,notes
camp-0001,2026-08-04,reddit,reddit.com,u/salaryexitindia,native-post,in-hand salary model 2026 launch,"Updated 5-50 LPA model with full methodology, not just a table",/reports/india-in-hand-salary-model-2026,reddit,community,required-ctc-report-2026,personalfinanceindia-model-launch,planned,,,,,,,,,"See reddit-posts-12-weeks.md concept 1. Single subreddit only, no cross-posting."
camp-0002,2026-08-05,linkedin,linkedin.com,personal profile (Aniket Jadhav),native-post,in-hand salary model 2026 launch,"Same CTC, three employer-cost structures — three very different in-hand numbers",/reports/india-in-hand-salary-model-2026,linkedin,organic-social,required-ctc-report-2026,personal-profile-week1-post1,planned,,,,,,,,,"See linkedin-posts-weeks-1-4.md, Week 1 Post 1"
camp-0003,2026-08-06,linkedin,linkedin.com,personal profile (Aniket Jadhav),native-post,teardown,"Two identical-CTC offers, different in-hand — worked example",/ctc-to-in-hand-calculator,linkedin,organic-social,required-ctc-report-2026,personal-profile-week1-post2,planned,,,,,,,,,"See linkedin-posts-weeks-1-4.md, Week 1 Post 2"
camp-0004,2026-08-07,linkedin,linkedin.com,personal profile (Aniket Jadhav),native-post,build/accuracy insight,why the reverse-salary result is a range not a single number,/reverse-salary-calculator,linkedin,organic-social,required-ctc-report-2026,personal-profile-week1-post3,planned,,,,,,,,,"See linkedin-posts-weeks-1-4.md, Week 1 Post 3"
camp-0005,2026-08-08,linkedin,linkedin.com,company page,native-post,flagship report archive,In-Hand Salary Model 2026 — full report,/reports/india-in-hand-salary-model-2026,linkedin-page,organic-social,required-ctc-report-2026,company-page-week1,planned,,,,,,,,,"See linkedin-posts-weeks-1-4.md, company-page cadence"
camp-0006,2026-08-11,email,gmail-smtp,hello@salaryexit.in,outreach-email,editorial citation offer,citation-ready chart for an existing article,/reports/india-in-hand-salary-model-2026,hr-newsletter,referral,required-ctc-report-2026,editorial-batch1-hr-01,planned,,,,,,,,,"First 10 of outreach-ledger.csv — see outreach-templates.md Email 1"
camp-0007,2026-08-18,email,gmail-smtp,hello@salaryexit.in,outreach-email,editorial citation offer,batch 2,/reports/india-in-hand-salary-model-2026,hr-newsletter,referral,required-ctc-report-2026,editorial-batch2-01,planned,,,,,,,,,"Week 2 of the 10/week outreach cadence"
camp-0008,2026-08-25,email,gmail-smtp,hello@salaryexit.in,outreach-email,college partnership,First Offer Reality Guide pitch,/reports/india-in-hand-salary-model-2026,college-placement,email,graduate-offer-guide-2026,college-shortlist-batch1,planned,,,,,,,,,"See college-partnership-plan.md — 10-15 institutions, not a 68-recipient blast"
camp-0009,2026-08-27,reddit,reddit.com,u/salaryexitindia,native-post,capped vs full PF,Capped PF vs full-Basic PF — the real monthly cost of a bigger pension,/reports/india-in-hand-salary-model-2026,reddit,community,required-ctc-report-2026,indiainvestments-pf-comparison,planned,,,,,,,,,"See reddit-posts-12-weeks.md concept 3 — earliest this can run is 2-3 weeks after camp-0001 per the posting-cadence rule"
