campaign_id,date,channel,asset,audience,destination,utm_url,primary_metric,secondary_metric,continue_threshold,modify_threshold,stop_condition,manual_owner,approval_status
pilot-li-w1-p1,2026-08-04,linkedin-personal,"linkedin-posts-weeks-1-4.md Week1 Post1 (native data, discuss CTA)",LinkedIn network,/reports/india-in-hand-salary-model-2026,https://www.salaryexit.in/reports/india-in-hand-salary-model-2026?utm_source=linkedin&utm_medium=organic-social&utm_campaign=required-ctc-report-2026&utm_content=personal-profile-week1-post1,impressions,saves+comments,CTR above account baseline,impressions present but low engagement,zero engagement after 48h,Aniket,pending manual approval
pilot-li-w1-p2,2026-08-06,linkedin-personal,"linkedin-posts-weeks-1-4.md Week1 Post2 (teardown, save CTA)",LinkedIn network,none (no link — save-framed post),n/a,saves,comments,save rate above account baseline,low saves but comments present,zero saves and zero comments after 48h,Aniket,pending manual approval
pilot-li-w1-p3,2026-08-08,linkedin-personal,"linkedin-posts-weeks-1-4.md Week1 Post3 (build insight, click CTA)",LinkedIn network,/reverse-salary-calculator,https://www.salaryexit.in/reverse-salary-calculator?utm_source=linkedin&utm_medium=organic-social&utm_campaign=required-ctc-report-2026&utm_content=personal-profile-week1-post3,clicks,calculator starts (tagged sessions),CTR above account baseline,clicks present but no calculator starts,zero clicks after 48h,Aniket,pending manual approval
pilot-li-w1-company,2026-08-07,linkedin-company,"linkedin-posts-weeks-1-4.md Week1 company post (evergreen, reframed to discuss — see note",LinkedIn followers,/reports/india-in-hand-salary-model-2026,https://www.salaryexit.in/reports/india-in-hand-salary-model-2026?utm_source=linkedin-page&utm_medium=organic-social&utm_campaign=required-ctc-report-2026&utm_content=company-page-week1,impressions,reactions,any measurable reach,near-zero reach,zero impressions after 72h (may indicate no real followers — see Limitations),Aniket,pending manual approval
pilot-li-w2-p1,2026-08-11,linkedin-personal,"linkedin-posts-weeks-1-4.md Week2 Post1 (PF zone, discuss CTA)",LinkedIn network,none (no link — discuss-framed post),n/a,comments,saves,comment rate above account baseline,low comments,zero comments after 48h,Aniket,pending manual approval
pilot-li-w2-p2,2026-08-13,linkedin-personal,"linkedin-posts-weeks-1-4.md Week2 Post2 (100%-marginal-rate zone, save CTA — corrected language, see report-claim-audit.md",LinkedIn network,none (no link — save-framed post),n/a,saves,comments,save rate above account baseline,low saves,zero saves and zero comments after 48h,Aniket,pending manual approval
pilot-li-w2-p3,2026-08-15,linkedin-personal,"linkedin-posts-weeks-1-4.md Week2 Post3 (build/founder, click CTA)",LinkedIn network,/reverse-salary-calculator,https://www.salaryexit.in/reverse-salary-calculator?utm_source=linkedin&utm_medium=organic-social&utm_campaign=required-ctc-report-2026&utm_content=personal-profile-week2-post3,clicks,calculator starts,CTR above account baseline,clicks present but no starts,zero clicks after 48h,Aniket,pending manual approval
pilot-li-w3-p1,2026-08-18,linkedin-personal,"linkedin-posts-weeks-1-4.md Week3 Post1 (required-CTC data, discuss CTA)",LinkedIn network,none (no link — discuss-framed post),n/a,comments,saves,comment rate above account baseline,low comments,zero comments after 48h,Aniket,pending manual approval
pilot-li-w3-p2,2026-08-20,linkedin-personal,"linkedin-posts-weeks-1-4.md Week3 Post2 (offer-comparison carousel, save CTA)",LinkedIn network,none (no link — save-framed post),n/a,saves,comments,save rate above account baseline,low saves,zero saves after 48h,Aniket,pending manual approval
pilot-li-w3-p3,2026-08-22,linkedin-personal,"linkedin-posts-weeks-1-4.md Week3 Post3 (offer teardown, click CTA)",LinkedIn network,/offer-comparison-calculator,https://www.salaryexit.in/offer-comparison-calculator?utm_source=linkedin&utm_medium=organic-social&utm_campaign=required-ctc-report-2026&utm_content=personal-profile-week3-post3,clicks,calculator starts,CTR above account baseline,clicks present but no starts,zero clicks after 48h,Aniket,pending manual approval
pilot-li-w3-company,2026-08-21,linkedin-company,"linkedin-posts-weeks-1-4.md Week3 company post (reframed to discuss — see note",LinkedIn followers,none (no link — discuss-framed post),n/a,impressions,reactions,any measurable reach,near-zero reach,zero impressions after 72h,Aniket,pending manual approval
pilot-li-w4-p1,2026-08-25,linkedin-personal,"linkedin-posts-weeks-1-4.md Week4 Post1 (city rent scenario, discuss CTA)",LinkedIn network,none (no link — discuss-framed post),n/a,comments,saves,comment rate above account baseline,low comments,zero comments after 48h,Aniket,pending manual approval
pilot-li-w4-p2,2026-08-27,linkedin-personal,"linkedin-posts-weeks-1-4.md Week4 Post2 (PF ceiling explainer, save CTA)",LinkedIn network,none (no link — save-framed post),n/a,saves,comments,save rate above account baseline,low saves,zero saves after 48h,Aniket,pending manual approval
pilot-li-w4-p3,2026-08-29,linkedin-personal,"linkedin-posts-weeks-1-4.md Week4 Post3 (notice-buyout worked example, click CTA)",LinkedIn network,/notice-period-buyout-calculator,https://www.salaryexit.in/notice-period-buyout-calculator?utm_source=linkedin&utm_medium=organic-social&utm_campaign=required-ctc-report-2026&utm_content=personal-profile-week4-post3,clicks,calculator starts,CTR above account baseline,clicks present but no starts,zero clicks after 48h,Aniket,pending manual approval
pilot-reddit-01,TBD — gated on manual rule verification,reddit,"reddit-posts-12-weeks.md Concept 1 (native data table update)",r/personalfinanceindia OR another community IF manually verified,/reports/india-in-hand-salary-model-2026 (link placement per verified rules — comment vs body),TBD — depends on verified link placement,upvotes+views,comments,positive vote ratio and visible engagement,held for approval or low engagement,removed by moderators or automated filter,Aniket,BLOCKED — no community rules verified this session (see reddit-community-rules-verified.md); do not post until Aniket manually confirms current rules
pilot-outreach-01,2026-08-11,editorial-email,"outreach-templates.md Email 1 — HR Katha (A02)",HR Katha editorial team,/reports/india-in-hand-salary-model-2026,https://www.salaryexit.in/reports/india-in-hand-salary-model-2026?utm_source=hr-newsletter&utm_medium=referral&utm_campaign=required-ctc-report-2026&utm_content=editorial-batch1-hr-01,reply rate,positive-reply rate,any reply within 7 business days,no reply — send the one allowed follow-up,no reply after follow-up,Aniket,pending manual approval
pilot-outreach-02,2026-08-11,editorial-email,"outreach-templates.md Email 1 — India Briefing (A04)",India Briefing editorial team,/reports/india-in-hand-salary-model-2026,https://www.salaryexit.in/reports/india-in-hand-salary-model-2026?utm_source=hr-newsletter&utm_medium=referral&utm_campaign=required-ctc-report-2026&utm_content=editorial-batch1-hr-02,reply rate,positive-reply rate,any reply within 7 business days,no reply — send follow-up,no reply after follow-up,Aniket,pending manual approval
pilot-outreach-03,2026-08-11,editorial-email,"outreach-templates.md Email 1 — BankBazaar (A17)",BankBazaar editorial team,/reports/india-in-hand-salary-model-2026,https://www.salaryexit.in/reports/india-in-hand-salary-model-2026?utm_source=hr-newsletter&utm_medium=referral&utm_campaign=required-ctc-report-2026&utm_content=editorial-batch1-finance-01,reply rate,positive-reply rate,any reply within 7 business days,no reply — send follow-up,no reply after follow-up,Aniket,pending manual approval
pilot-outreach-04,2026-08-11,editorial-email,"outreach-templates.md Email 1 — ClearTax (A18)",ClearTax editorial team,/reports/india-in-hand-salary-model-2026,https://www.salaryexit.in/reports/india-in-hand-salary-model-2026?utm_source=hr-newsletter&utm_medium=referral&utm_campaign=required-ctc-report-2026&utm_content=editorial-batch1-finance-02,reply rate,positive-reply rate,any reply within 7 business days,no reply — send follow-up,no reply after follow-up,Aniket,pending manual approval
pilot-outreach-05,2026-08-12,editorial-email,"outreach-templates.md Email 1 — Naukri Campus (A20)",Naukri Campus editorial team,/reports/india-in-hand-salary-model-2026,https://www.salaryexit.in/reports/india-in-hand-salary-model-2026?utm_source=hr-newsletter&utm_medium=referral&utm_campaign=required-ctc-report-2026&utm_content=editorial-batch1-career-01,reply rate,positive-reply rate,any reply within 7 business days,no reply — send follow-up,no reply after follow-up,Aniket,pending manual approval
pilot-outreach-06,2026-08-12,editorial-email,"outreach-templates.md Email 1 — Careers360 (B14)",Careers360 editorial team,/reports/india-in-hand-salary-model-2026,https://www.salaryexit.in/reports/india-in-hand-salary-model-2026?utm_source=hr-newsletter&utm_medium=referral&utm_campaign=required-ctc-report-2026&utm_content=editorial-batch1-career-02,reply rate,positive-reply rate,any reply within 7 business days,no reply — send follow-up,no reply after follow-up,Aniket,pending manual approval
pilot-outreach-07,2026-08-13,editorial-email,"outreach-templates.md Email 1 — Groww blog (C10)",Groww editorial team,/reports/india-in-hand-salary-model-2026,https://www.salaryexit.in/reports/india-in-hand-salary-model-2026?utm_source=hr-newsletter&utm_medium=referral&utm_campaign=required-ctc-report-2026&utm_content=editorial-batch1-finance-03,reply rate,positive-reply rate,any reply within 7 business days,no reply — send follow-up,no reply after follow-up,Aniket,pending manual approval
pilot-outreach-08,2026-08-13,editorial-email,"outreach-templates.md Email 1 — PaisaBazaar (C18)",PaisaBazaar editorial team,/reports/india-in-hand-salary-model-2026,https://www.salaryexit.in/reports/india-in-hand-salary-model-2026?utm_source=hr-newsletter&utm_medium=referral&utm_campaign=required-ctc-report-2026&utm_content=editorial-batch1-finance-04,reply rate,positive-reply rate,any reply within 7 business days,no reply — send follow-up,no reply after follow-up,Aniket,pending manual approval
pilot-outreach-09,2026-08-14,editorial-email,"outreach-templates.md Email 1 — IIT Madras Placement Office (D01), First Offer Reality Guide attached",IIT Madras placement office,/reports/india-in-hand-salary-model-2026,https://www.salaryexit.in/reports/india-in-hand-salary-model-2026?utm_source=college-placement&utm_medium=email&utm_campaign=graduate-offer-guide-2026&utm_content=editorial-batch1-college-01,reply rate,positive-reply rate,any reply within 7 business days,no reply — send follow-up,no reply after follow-up,Aniket,pending manual approval
pilot-outreach-10,2026-08-14,editorial-email,"outreach-templates.md Email 1 — IIT (BHU) Varanasi Placement Cell (D02), First Offer Reality Guide attached",IIT BHU placement cell,/reports/india-in-hand-salary-model-2026,https://www.salaryexit.in/reports/india-in-hand-salary-model-2026?utm_source=college-placement&utm_medium=email&utm_campaign=graduate-offer-guide-2026&utm_content=editorial-batch1-college-02,reply rate,positive-reply rate,any reply within 7 business days,no reply — send follow-up,no reply after follow-up,Aniket,pending manual approval
pilot-media-01,2026-08-18,media-pitch,media-pitches.md Pitch 1 — career/employment journalist,Career/employment desk (see media-pitches.md),/reports/india-in-hand-salary-model-2026,https://www.salaryexit.in/reports/india-in-hand-salary-model-2026?utm_source=media-pitch&utm_medium=email&utm_campaign=required-ctc-report-2026&utm_content=media-pitch-career-01,reply rate,coverage/citation,any reply within 10 business days,no reply — no follow-up beyond the standard one,no reply after follow-up,Aniket,pending manual approval
pilot-media-02,2026-08-18,media-pitch,media-pitches.md Pitch 2 — personal-finance journalist,Personal-finance desk (see media-pitches.md),/reports/india-in-hand-salary-model-2026,https://www.salaryexit.in/reports/india-in-hand-salary-model-2026?utm_source=media-pitch&utm_medium=email&utm_campaign=required-ctc-report-2026&utm_content=media-pitch-finance-01,reply rate,coverage/citation,any reply within 10 business days,no reply — no follow-up beyond the standard one,no reply after follow-up,Aniket,pending manual approval
pilot-media-03,2026-08-18,media-pitch,media-pitches.md Pitch 3 — HR/payroll newsletter,HR/payroll newsletter editor (see media-pitches.md),/reports/india-in-hand-salary-model-2026,https://www.salaryexit.in/reports/india-in-hand-salary-model-2026?utm_source=media-pitch&utm_medium=email&utm_campaign=required-ctc-report-2026&utm_content=media-pitch-hr-01,reply rate,coverage/citation,any reply within 10 business days,no reply — no follow-up beyond the standard one,no reply after follow-up,Aniket,pending manual approval
