campaign_id,relative_day,channel,asset,audience,destination,utm_url,primary_metric,secondary_metric,continue_threshold,modify_threshold,stop_condition,manual_owner,approval_status
pilot-li-w1-p1,Day 1,linkedin-personal,"linkedin-posts-weeks-1-4.md Week1 Post1 (native data, discuss CTA, NO LINK)",LinkedIn network,none (no link — native-data/discuss post),n/a,comments,saves,comment rate above account baseline,low comments,zero engagement after 48h,Aniket,pending manual approval
pilot-li-w1-p2,Day 3,linkedin-personal,"linkedin-posts-weeks-1-4.md Week1 Post2 (teardown, save CTA, NO LINK)",LinkedIn network,none (no link — save-framed post),n/a,saves,comments,save rate above account baseline,low saves but comments present,zero saves and zero comments after 48h,Aniket,pending manual approval
pilot-li-w1-company,Day 4,linkedin-company,"linkedin-posts-weeks-1-4.md Week1 company post (flagship report link, click CTA)",LinkedIn followers,/reports/india-in-hand-salary-model-2026,https://www.salaryexit.in/reports/india-in-hand-salary-model-2026?utm_source=linkedin-page&utm_medium=organic-social&utm_campaign=required-ctc-report-2026&utm_content=company-page-week1,clicks,impressions,CTR above account baseline,impressions present but low clicks,zero clicks after 72h (may indicate no real followers — see Limitations),Aniket,pending manual approval
pilot-li-w1-p3,Day 5,linkedin-personal,"linkedin-posts-weeks-1-4.md Week1 Post3 (build insight, click CTA, reverse-salary-calculator link)",LinkedIn network,/reverse-salary-calculator,https://www.salaryexit.in/reverse-salary-calculator?utm_source=linkedin&utm_medium=organic-social&utm_campaign=required-ctc-report-2026&utm_content=personal-profile-week1-post3,clicks,calculator starts (tagged sessions),CTR above account baseline,clicks present but no calculator starts,zero clicks after 48h,Aniket,pending manual approval
pilot-li-w2-p1,Day 8,linkedin-personal,"linkedin-posts-weeks-1-4.md Week2 Post1 (PF zone, discuss CTA, NO LINK)",LinkedIn network,none (no link — discuss-framed post),n/a,comments,saves,comment rate above account baseline,low comments,zero comments after 48h,Aniket,pending manual approval
pilot-li-w2-p2,Day 10,linkedin-personal,"linkedin-posts-weeks-1-4.md Week2 Post2 (marginal-relief transition band — 100% income tax before cess, 104% total incl. cess — save CTA, NO LINK, see final-tax-wording-audit.md)",LinkedIn network,none (no link — save-framed post),n/a,saves,comments,save rate above account baseline,low saves,zero saves and zero comments after 48h,Aniket,pending manual approval
pilot-li-w2-p3,Day 12,linkedin-personal,"linkedin-posts-weeks-1-4.md Week2 Post3 (build/founder, click CTA, reverse-salary-calculator link)",LinkedIn network,/reverse-salary-calculator,https://www.salaryexit.in/reverse-salary-calculator?utm_source=linkedin&utm_medium=organic-social&utm_campaign=required-ctc-report-2026&utm_content=personal-profile-week2-post3,clicks,calculator starts,CTR above account baseline,clicks present but no starts,zero clicks after 48h,Aniket,pending manual approval
pilot-reddit-01,TBD — gated on manual rule verification,reddit,"reddit-posts-12-weeks.md Concept 1 (native data table update)",r/personalfinanceindia OR another community IF manually verified,/reports/india-in-hand-salary-model-2026 (link placement per verified rules — comment vs body),TBD — depends on verified link placement,upvotes+views,comments,positive vote ratio and visible engagement,held for approval or low engagement,removed by moderators or automated filter,Aniket,BLOCKED — no community rules verified this session (see reddit-community-rules-verified.md); do not post until Aniket manually confirms current rules
pilot-outreach-01,Day 8,editorial-email,"outreach-templates.md, personalized in READY-OUTREACH-WEEK-1-2.md — HR Katha (A02)",HR Katha editorial team,/reports/india-in-hand-salary-model-2026,https://www.salaryexit.in/reports/india-in-hand-salary-model-2026?utm_source=hr-newsletter&utm_medium=referral&utm_campaign=required-ctc-report-2026&utm_content=editorial-batch1-hr-01,reply rate,positive-reply rate,any reply within 7 business days,no reply — send the one allowed follow-up,no reply after follow-up,Aniket,pending manual approval
pilot-outreach-02,Day 8,editorial-email,"outreach-templates.md, personalized in READY-OUTREACH-WEEK-1-2.md — India Briefing (A04)",India Briefing editorial team,/reports/india-in-hand-salary-model-2026,https://www.salaryexit.in/reports/india-in-hand-salary-model-2026?utm_source=hr-newsletter&utm_medium=referral&utm_campaign=required-ctc-report-2026&utm_content=editorial-batch1-hr-02,reply rate,positive-reply rate,any reply within 7 business days,no reply — send follow-up,no reply after follow-up,Aniket,pending manual approval
pilot-outreach-04,Day 9,editorial-email,"outreach-templates.md, personalized in READY-OUTREACH-WEEK-1-2.md — ClearTax (A18)",ClearTax editorial team,/reports/india-in-hand-salary-model-2026,https://www.salaryexit.in/reports/india-in-hand-salary-model-2026?utm_source=hr-newsletter&utm_medium=referral&utm_campaign=required-ctc-report-2026&utm_content=editorial-batch1-finance-02,reply rate,positive-reply rate,any reply within 7 business days,no reply — send follow-up,no reply after follow-up,Aniket,pending manual approval
pilot-outreach-05,Day 9,editorial-email,"outreach-templates.md, personalized in READY-OUTREACH-WEEK-1-2.md — Naukri Campus (A20)",Naukri Campus editorial team,/reports/india-in-hand-salary-model-2026,https://www.salaryexit.in/reports/india-in-hand-salary-model-2026?utm_source=hr-newsletter&utm_medium=referral&utm_campaign=required-ctc-report-2026&utm_content=editorial-batch1-career-01,reply rate,positive-reply rate,any reply within 7 business days,no reply — send follow-up,no reply after follow-up,Aniket,pending manual approval
pilot-outreach-06,Day 10,editorial-email,"outreach-templates.md, personalized in READY-OUTREACH-WEEK-1-2.md — Careers360 (B14)",Careers360 editorial team,/reports/india-in-hand-salary-model-2026,https://www.salaryexit.in/reports/india-in-hand-salary-model-2026?utm_source=hr-newsletter&utm_medium=referral&utm_campaign=required-ctc-report-2026&utm_content=editorial-batch1-career-02,reply rate,positive-reply rate,any reply within 7 business days,no reply — send follow-up,no reply after follow-up,Aniket,pending manual approval
pilot-outreach-07,Day 10,editorial-email,"outreach-templates.md, personalized in READY-OUTREACH-WEEK-1-2.md — Groww blog (C10)",Groww editorial team,/reports/india-in-hand-salary-model-2026,https://www.salaryexit.in/reports/india-in-hand-salary-model-2026?utm_source=hr-newsletter&utm_medium=referral&utm_campaign=required-ctc-report-2026&utm_content=editorial-batch1-finance-03,reply rate,positive-reply rate,any reply within 7 business days,no reply — send follow-up,no reply after follow-up,Aniket,pending manual approval
pilot-outreach-09,Day 11,editorial-email,"outreach-templates.md, personalized in READY-OUTREACH-WEEK-1-2.md — IIT Madras Placement Office (D01), First Offer Reality Guide attached",IIT Madras placement office,/reports/india-in-hand-salary-model-2026,https://www.salaryexit.in/reports/india-in-hand-salary-model-2026?utm_source=college-placement&utm_medium=email&utm_campaign=graduate-offer-guide-2026&utm_content=editorial-batch1-college-01,reply rate,positive-reply rate,any reply within 7 business days,no reply — send follow-up,no reply after follow-up,Aniket,GATED — do not send until Aniket approves docs/growth/college-resource/first-offer-reality-guide.pdf (see 09-college-resource-approval.md)
